<library path="lib/librviz_visual_tools_gui">
  <class name="rviz_visual_tools/RvizVisualToolsGui"
         type="rviz_visual_tools::RvizVisualToolsGui"
         base_class_type="rviz::Panel">
    <description>
      A panel widget allowing control of a ROS pipeline
    </description>
  </class>

  <class name="rviz_visual_tools/KeyTool" type="rviz_visual_tools::KeyTool" base_class_type="rviz::Tool">
    <description>
      Tool to capture keyboard input
    </description>
  </class>

</library>
